"Region Code","Timestamp (Hour Ending)","Wind Generation (MWh)","Solar Generation (MWh)","Hydro Generation (MWh)","Other Generation (MWh)","Petroleum Generation (MWh)","Natural gas Generation (MWh)","Coal Generation (MWh)","Nuclear Generation (MWh)","Total Generation (MWh)"
US48,"4/1/2019 12 a.m. EDT",30646,403,37863,5735,3335,134366,87672,86819,387978
US48,"4/1/2019 1 a.m. EDT",25902,402,35523,5634,3319,134457,91191,86631,384397
US48,"4/1/2019 2 a.m. EDT",30437,442,32729,5645,3172,128752,89484,86475,378304
US48,"4/1/2019 3 a.m. EDT",30095,432,30566,5680,3137,128329,88809,86382,374415
US48,"4/1/2019 4 a.m. EDT",30062,235,29097,5747,3136,130166,88180,86285,373924
US48,"4/1/2019 5 a.m. EDT",30070,246,30643,5986,3245,135167,88609,86319,381394
US48,"4/1/2019 6 a.m. EDT",30076,235,35119,6171,3555,147331,90700,86174,400429
US48,"4/1/2019 7 a.m. EDT",30683,283,40382,6249,4200,165770,95731,86019,430302
US48,"4/1/2019 8 a.m. EDT",30921,1076,45770,6347,5043,176005,98566,86001,450885
US48,"4/1/2019 9 a.m. EDT",30419,2605,45398,6286,5242,179148,101651,86000,457896
US48,"4/1/2019 10 a.m. EDT",29348,5548,45200,6299,4986,175905,102948,85984,457295
US48,"4/1/2019 11 a.m. EDT",29876,12246,42431,6280,4624,168964,102369,86006,453973
US48,"4/1/2019 12 p.m. EDT",31123,17656,38331,6500,4363,160593,101283,85938,447163
US48,"4/1/2019 1 p.m. EDT",31896,20099,35154,6506,4269,154812,97394,85916,437591
US48,"4/1/2019 2 p.m. EDT",32975,20976,31955,6646,4053,149314,94906,85943,428332
US48,"4/1/2019 3 p.m. EDT",33590,21727,30269,7103,3950,145598,92622,86000,422363
US48,"4/1/2019 4 p.m. EDT",34012,21154,30165,7373,3792,142986,90582,86198,417702
US48,"4/1/2019 5 p.m. EDT",34122,20072,30300,7498,3701,143514,89932,86215,416672
US48,"4/1/2019 6 p.m. EDT",33500,17584,30411,7409,3619,146978,92685,86267,419717
US48,"4/1/2019 7 p.m. EDT",32256,13241,35174,7208,3640,151798,94963,86260,425758
US48,"4/1/2019 8 p.m. EDT",30829,9091,41207,7232,3782,157974,99715,86318,437279
US48,"4/1/2019 9 p.m. EDT",30888,3640,44063,7253,3920,164826,103178,86426,445286
US48,"4/1/2019 10 p.m. EDT",32342,764,42218,7052,4315,163148,103466,86392,441060
US48,"4/1/2019 11 p.m. EDT",35393,528,39341,6923,4272,154458,100452,86437,429599
US48,"4/2/2019 12 a.m. EDT",36248,423,35830,6596,3423,141796,95512,86388,407968
US48,"4/2/2019 1 a.m. EDT",40517,252,33013,6536,3512,133974,89692,86565,395673
US48,"4/2/2019 2 a.m. EDT",41176,186,28952,6347,3366,126153,89845,86671,384034
US48,"4/2/2019 3 a.m. EDT",41619,174,27095,6045,3335,121700,88655,86718,376689
US48,"4/2/2019 4 a.m. EDT",41465,191,25678,6071,3544,122088,88309,86833,375506
US48,"4/2/2019 5 a.m. EDT",41212,186,25511,6277,3705,125808,90215,86976,381252
US48,"4/2/2019 6 a.m. EDT",40317,192,29507,6404,3936,134851,91227,86995,394993
US48,"4/2/2019 7 a.m. EDT",40187,220,37858,6628,4540,150417,96773,87036,424988
US48,"4/2/2019 8 a.m. EDT",40131,522,42372,7028,5342,162305,101675,87061,447752
US48,"4/2/2019 9 a.m. EDT",38637,1250,43135,7345,5403,164140,104995,86918,453034
US48,"4/2/2019 10 a.m. EDT",34969,3436,43081,7278,5104,163265,106712,86850,451719
US48,"4/2/2019 11 a.m. EDT",31952,9539,41146,7256,4521,157979,106641,86897,446935
US48,"4/2/2019 12 p.m. EDT",31862,15023,37840,7238,4217,151176,104759,86899,439936
US48,"4/2/2019 1 p.m. EDT",32183,17233,34745,7239,3862,146440,102949,86630,432162
US48,"4/2/2019 2 p.m. EDT",33185,18858,32792,7320,3602,142899,101258,86187,426908
US48,"4/2/2019 3 p.m. EDT",35692,18671,31564,7263,3312,140653,98561,86103,422403
US48,"4/2/2019 4 p.m. EDT",38258,18481,31230,7244,3173,139468,95847,86195,420594
US48,"4/2/2019 5 p.m. EDT",40517,18728,31182,7228,3104,139032,93560,86297,420305
US48,"4/2/2019 6 p.m. EDT",41344,16543,31805,7205,3130,141489,93241,86296,421726
US48,"4/2/2019 7 p.m. EDT",41759,14165,34069,7228,3118,143669,93604,86296,424522
US48,"4/2/2019 8 p.m. EDT",42188,10003,37156,7563,3309,147842,95634,86354,430529
US48,"4/2/2019 9 p.m. EDT",39153,4803,40762,7483,3776,152696,100200,86371,435847
US48,"4/2/2019 10 p.m. EDT",39145,941,39808,7376,4122,150666,103451,86357,432687
US48,"4/2/2019 11 p.m. EDT",43245,643,38557,7274,3837,139297,100139,86356,420388
US48,"4/3/2019 12 a.m. EDT",45227,376,36339,7077,3458,128922,94428,85865,403141
US48,"4/3/2019 1 a.m. EDT",44897,244,33286,7264,2894,122041,87955,86347,386304
US48,"4/3/2019 2 a.m. EDT",45413,223,29575,7034,2728,114957,84213,86376,371946
US48,"4/3/2019 3 a.m. EDT",45930,248,27083,6808,2728,112387,83787,86560,366951
US48,"4/3/2019 4 a.m. EDT",46538,252,25962,6729,2668,111507,82129,86757,363875
US48,"4/3/2019 5 a.m. EDT",45578,250,26349,6830,2844,114639,83756,86850,368464
US48,"4/3/2019 6 a.m. EDT",44782,240,31009,7160,3079,124525,87321,86901,386026
US48,"4/3/2019 7 a.m. EDT",44732,248,38109,7678,3529,139920,91917,86971,413513
US48,"4/3/2019 8 a.m. EDT",44057,1087,41809,7613,4140,150237,96984,86974,433305
US48,"4/3/2019 9 a.m. EDT",43148,3078,41164,7570,4520,149403,99724,86892,435975
US48,"4/3/2019 10 a.m. EDT",41210,6659,39550,7520,4129,145196,99552,86788,431054
US48,"4/3/2019 11 a.m. EDT",42279,13452,37232,7623,4208,138462,99217,86846,429861
US48,"4/3/2019 12 p.m. EDT",36756,18839,34433,7822,4102,131638,98836,86856,419798
US48,"4/3/2019 1 p.m. EDT",37211,21080,31327,7851,3856,127806,97091,86856,413631
US48,"4/3/2019 2 p.m. EDT",37891,22295,30689,7842,3885,126354,94642,86915,410948
US48,"4/3/2019 3 p.m. EDT",39504,22110,29890,7684,3927,124725,92272,86908,407532
US48,"4/3/2019 4 p.m. EDT",41320,21267,29093,7679,3970,125631,90403,86932,406723
US48,"4/3/2019 5 p.m. EDT",43477,20869,28998,7788,3631,126234,89291,87020,407941
US48,"4/3/2019 6 p.m. EDT",45313,17248,29712,7595,3530,128731,88938,86992,408632
US48,"4/3/2019 7 p.m. EDT",46496,14489,32183,7590,3438,130229,90235,87023,412251
US48,"4/3/2019 8 p.m. EDT",47565,10525,35186,7740,3449,133943,91705,87101,417844
US48,"4/3/2019 9 p.m. EDT",47623,4580,37965,7823,3733,138280,94601,87134,422270
US48,"4/3/2019 10 p.m. EDT",48444,762,38321,7716,3926,136621,95156,87222,418958
US48,"4/3/2019 11 p.m. EDT",48600,471,36578,7500,3443,130598,92715,87277,408474
US48,"4/4/2019 12 a.m. EDT",51015,410,33500,7528,2999,123378,87183,87032,394331
US48,"4/4/2019 1 a.m. EDT",46628,415,30887,7390,2743,114822,79252,87369,370858
US48,"4/4/2019 2 a.m. EDT",44214,329,26979,7282,2672,111564,76088,87421,357947
US48,"4/4/2019 3 a.m. EDT",43242,210,25312,7153,2690,108006,73647,87538,349192
US48,"4/4/2019 4 a.m. EDT",40719,198,23993,6962,2697,108580,74220,87520,346355
US48,"4/4/2019 5 a.m. EDT",38834,189,24452,7165,2697,110967,75728,87430,349136
US48,"4/4/2019 6 a.m. EDT",36630,187,30070,7330,2745,120055,79070,87341,365069
US48,"4/4/2019 7 a.m. EDT",36918,219,35809,7614,3060,134096,85042,87300,391612
US48,"4/4/2019 8 a.m. EDT",36004,882,38875,7794,3507,143553,92949,87339,412152
US48,"4/4/2019 9 a.m. EDT",35880,2676,39342,7800,3804,145897,97487,87383,421493
US48,"4/4/2019 10 a.m. EDT",34467,6004,40084,7758,4052,146441,97091,87476,424578
US48,"4/4/2019 11 a.m. EDT",32936,11948,38737,7670,4006,146878,94555,87473,425309
US48,"4/4/2019 12 p.m. EDT",32579,15815,35446,7236,4227,146558,95254,87510,425724
US48,"4/4/2019 1 p.m. EDT",31831,18585,33532,7720,3549,144236,93190,87457,421307
US48,"4/4/2019 2 p.m. EDT",30457,19490,32190,7659,3918,145257,92557,87454,420114
US48,"4/4/2019 3 p.m. EDT",27887,20590,31326,7697,4123,147918,93152,87508,421190
US48,"4/4/2019 4 p.m. EDT",25567,19756,30927,7753,4102,148958,93191,87545,418658
US48,"4/4/2019 5 p.m. EDT",23553,18801,31401,7760,4141,152753,93725,87615,420424
US48,"4/4/2019 6 p.m. EDT",21642,15799,33004,7234,4776,157239,96163,87600,423877
US48,"4/4/2019 7 p.m. EDT",21295,11045,35875,7823,4112,161787,96682,87576,426516
US48,"4/4/2019 8 p.m. EDT",21268,7589,39460,7432,4260,167404,99103,87606,434457
US48,"4/4/2019 9 p.m. EDT",21206,3834,41459,7466,4293,169217,100948,87632,436735
US48,"4/4/2019 10 p.m. EDT",22760,792,41520,7372,4213,165099,99786,87638,430164
US48,"4/4/2019 11 p.m. EDT",25728,552,38737,7179,3658,153995,96270,87690,414883
US48,"4/5/2019 12 a.m. EDT",26163,359,34824,6966,3115,139366,89918,87808,389989
US48,"4/5/2019 1 a.m. EDT",30879,228,30269,7372,2963,126125,85080,87895,372096
US48,"4/5/2019 2 a.m. EDT",31229,214,26684,7321,2924,118803,81308,87907,357514
US48,"4/5/2019 3 a.m. EDT",31228,226,24253,7259,2759,114459,77133,87951,346288
US48,"4/5/2019 4 a.m. EDT",31540,225,24374,7104,2649,112164,75216,87970,342154
US48,"4/5/2019 5 a.m. EDT",31714,229,23773,7224,2667,112493,76125,88067,343158
US48,"4/5/2019 6 a.m. EDT",31290,225,25885,7029,3456,119088,79178,88097,355101
US48,"4/5/2019 7 a.m. EDT",30718,221,32118,7377,3843,132475,84933,88102,380631
US48,"4/5/2019 8 a.m. EDT",29857,346,37187,8373,3650,143516,90920,88252,403023
US48,"4/5/2019 9 a.m. EDT",28069,725,39925,8442,4049,149830,95766,88365,416085
US48,"4/5/2019 10 a.m. EDT",25755,2828,42890,7545,5199,151858,98743,88362,424098
US48,"4/5/2019 11 a.m. EDT",21955,9632,41691,7702,5391,151816,100753,88332,428210
US48,"4/5/2019 12 p.m. EDT",21487,15165,39964,7715,5575,151056,99416,88277,429686
US48,"4/5/2019 1 p.m. EDT",23168,17079,38184,7760,5504,149167,97831,88321,428060
US48,"4/5/2019 2 p.m. EDT",26104,16807,36716,7795,5484,148796,96976,88380,428207
US48,"4/5/2019 3 p.m. EDT",28060,17327,35298,7626,5333,149724,96341,88497,429368
US48,"4/5/2019 4 p.m. EDT",29519,16786,34540,7201,5380,151491,95892,88598,430583
US48,"4/5/2019 5 p.m. EDT",31400,15703,34910,7237,4757,151428,95673,88650,430957
US48,"4/5/2019 6 p.m. EDT",33175,13797,34396,7243,4655,152264,95278,88677,430472
US48,"4/5/2019 7 p.m. EDT",34437,11561,35368,7181,4673,150599,95027,88690,428508
US48,"4/5/2019 8 p.m. EDT",36012,9998,35523,7084,4721,150951,94329,88540,428178
US48,"4/5/2019 9 p.m. EDT",36716,5171,38444,7745,3920,150541,94362,88441,426384
US48,"4/5/2019 10 p.m. EDT",38901,1005,38169,7191,3978,146884,94927,88360,420714
US48,"4/5/2019 11 p.m. EDT",42761,616,36970,6312,4026,136330,92156,88344,408858
US48,"4/6/2019 12 a.m. EDT",49487,508,35361,6568,2990,126921,83285,88349,394850
US48,"4/6/2019 1 a.m. EDT",45652,470,33107,6537,2742,116157,80890,87250,373971
US48,"4/6/2019 2 a.m. EDT",45243,350,31284,6411,2718,108342,77717,86471,360048
US48,"4/6/2019 3 a.m. EDT",44215,247,29644,6336,2726,104771,74228,85994,349539
US48,"4/6/2019 4 a.m. EDT",41196,249,27448,6352,2717,103510,73135,85201,341007
US48,"4/6/2019 5 a.m. EDT",37635,244,27428,6552,2693,103760,74946,85294,339428
US48,"4/6/2019 6 a.m. EDT",34826,237,28462,6627,2713,106097,77839,85431,343166
US48,"4/6/2019 7 a.m. EDT",33201,244,30575,6844,2764,110486,81069,85469,351527
US48,"4/6/2019 8 a.m. EDT",32562,461,32129,6947,3209,116096,83434,85573,361409
US48,"4/6/2019 9 a.m. EDT",31524,1377,34546,7413,3548,123044,86066,85550,373943
US48,"4/6/2019 10 a.m. EDT",32263,4439,36092,7940,3799,126389,87483,85551,384368
US48,"4/6/2019 11 a.m. EDT",31161,12484,35277,8109,3896,127297,87530,85530,391651
US48,"4/6/2019 12 p.m. EDT",31725,18247,33111,8064,3960,126438,83982,85540,391730
US48,"4/6/2019 1 p.m. EDT",31507,20464,32778,7306,4591,126864,82427,85663,392538
US48,"4/6/2019 2 p.m. EDT",31333,21401,32192,7437,4555,126528,81447,85563,391475
US48,"4/6/2019 3 p.m. EDT",31295,19812,31613,8103,3961,128744,81096,85529,391258
US48,"4/6/2019 4 p.m. EDT",32305,19026,30842,8092,3933,130937,81754,85566,393653
US48,"4/6/2019 5 p.m. EDT",33756,17146,30272,7927,3948,132417,83211,85626,395867
US48,"4/6/2019 6 p.m. EDT",33505,15374,32625,7994,3942,132495,84050,85745,397165
US48,"4/6/2019 7 p.m. EDT",33396,13824,35041,7974,3952,134211,83911,85914,399619
US48,"4/6/2019 8 p.m. EDT",34341,10425,37021,7953,3898,135321,84769,86074,400925
US48,"4/6/2019 9 p.m. EDT",35738,6412,38199,8070,3805,135896,84263,86199,400004
US48,"4/6/2019 10 p.m. EDT",40844,1055,40449,7886,3901,133817,83680,86361,399270
US48,"4/6/2019 11 p.m. EDT",43606,668,39994,7792,3726,127406,79884,86436,390941
US48,"4/7/2019 12 a.m. EDT",41125,477,36670,7839,3560,121735,81980,86006,380873
US48,"4/7/2019 1 a.m. EDT",43848,453,33281,7117,3388,111392,72619,86662,360419
US48,"4/7/2019 2 a.m. EDT",43768,428,30088,6698,3071,105050,69327,86507,346331
US48,"4/7/2019 3 a.m. EDT",42832,416,28390,6549,2832,98908,66803,86499,334740
US48,"4/7/2019 4 a.m. EDT",41705,89,28703,6537,2742,96902,65254,86514,329984
US48,"4/7/2019 5 a.m. EDT",39596,85,28169,6593,2705,97046,65557,86374,327774
US48,"4/7/2019 6 a.m. EDT",39520,81,28050,6766,2675,97409,66610,86262,328953
US48,"4/7/2019 7 a.m. EDT",37793,126,29831,6873,2742,100000,67753,86094,332567
US48,"4/7/2019 8 a.m. EDT",35603,717,31709,6919,2877,103803,69952,85995,338953
US48,"4/7/2019 9 a.m. EDT",33538,1847,33588,7012,2905,110435,72537,85831,348969
US48,"4/7/2019 10 a.m. EDT",32932,4696,35160,6355,3750,113461,76418,85681,359637
US48,"4/7/2019 11 a.m. EDT",32140,12874,34467,6464,3856,115708,77975,85632,370225
US48,"4/7/2019 12 p.m. EDT",31262,17534,32312,6494,3821,117178,79767,85560,375164
US48,"4/7/2019 1 p.m. EDT",31527,18435,32524,7053,4046,118695,79633,85435,378698
US48,"4/7/2019 2 p.m. EDT",33012,18913,32329,7136,3947,122039,79601,85439,383844
US48,"4/7/2019 3 p.m. EDT",35153,18763,31723,7656,3575,124876,78404,85410,387115
US48,"4/7/2019 4 p.m. EDT",37912,18889,31225,7950,3501,126524,77665,85387,390609
US48,"4/7/2019 5 p.m. EDT",40309,16898,32324,7725,3441,129940,77630,85427,395247
US48,"4/7/2019 6 p.m. EDT",39773,16408,33732,7792,3481,132368,79194,85648,399907
US48,"4/7/2019 7 p.m. EDT",40000,14486,35953,7800,3441,133919,81609,85706,404331
US48,"4/7/2019 8 p.m. EDT",38758,12010,39514,7589,3444,136987,84210,85884,409663
US48,"4/7/2019 9 p.m. EDT",36586,5640,43219,7657,3477,141209,87436,85702,412196
US48,"4/7/2019 10 p.m. EDT",36175,963,42975,7340,3618,142170,89580,85506,409462
US48,"4/7/2019 11 p.m. EDT",36448,539,40328,6990,3491,134631,87120,85363,396236
US48,"4/8/2019 12 a.m. EDT",35896,324,37201,6545,3279,126103,81461,85742,378042
US48,"4/8/2019 1 a.m. EDT",33336,287,34166,6440,2971,115965,77811,85136,357432
US48,"4/8/2019 2 a.m. EDT",25795,220,30227,6408,2726,109255,75809,85126,336788
US48,"4/8/2019 3 a.m. EDT",25642,157,28563,6357,2615,106022,71036,85315,326740
US48,"4/8/2019 4 a.m. EDT",25633,10,27618,6378,2615,104028,69623,85412,322370
US48,"4/8/2019 5 a.m. EDT",27002,17,27018,6544,2485,106134,70048,85660,325995
US48,"4/8/2019 6 a.m. EDT",27213,11,29043,6519,2583,113832,73908,85660,339846
US48,"4/8/2019 7 a.m. EDT",27769,53,32840,6997,2877,127214,81044,85830,365713
US48,"4/8/2019 8 a.m. EDT",27980,402,35360,7137,3312,138139,86924,85925,386032
US48,"4/8/2019 9 a.m. EDT",28770,1481,38622,7287,3783,142378,92669,86017,401790
US48,"4/8/2019 10 a.m. EDT",26399,5086,41744,7634,3565,146441,94890,85987,412497
US48,"4/8/2019 11 a.m. EDT",21555,12118,42562,7759,3757,150519,96224,85933,421216
US48,"4/8/2019 12 p.m. EDT",21905,17570,42673,7964,3701,152017,95473,85722,427787
US48,"4/8/2019 1 p.m. EDT",23363,20409,41562,8580,3536,155163,94488,85473,433641
US48,"4/8/2019 2 p.m. EDT",23173,20605,40941,8719,3808,158046,95994,85413,437677
US48,"4/8/2019 3 p.m. EDT",23241,20940,40580,8702,3830,162833,95921,85471,442260
US48,"4/8/2019 4 p.m. EDT",22653,19338,42201,8661,3723,166387,96323,85455,445603
US48,"4/8/2019 5 p.m. EDT",22475,17133,43309,8763,3797,170651,97034,85560,449772
US48,"4/8/2019 6 p.m. EDT",22264,15553,44569,8674,3733,173127,98133,85861,452629
US48,"4/8/2019 7 p.m. EDT",21489,13177,46236,7898,4475,174433,98193,86061,452621
US48,"4/8/2019 8 p.m. EDT",22665,9936,48300,7526,4486,176410,98926,86100,455062
US48,"4/8/2019 9 p.m. EDT",24906,4567,48161,7484,4633,176820,99221,86145,452756
US48,"4/8/2019 10 p.m. EDT",26512,726,46438,6821,4710,170979,98937,86151,442401
US48,"4/8/2019 11 p.m. EDT",28640,244,44568,7564,3790,153623,95550,86180,421784
US48,"4/9/2019 12 a.m. EDT",30238,229,41474,7035,3363,134808,87699,85486,391994
US48,"4/9/2019 1 a.m. EDT",32124,177,37014,7488,3169,122659,82408,86298,372904
US48,"4/9/2019 2 a.m. EDT",33192,28,32325,7165,2848,112124,76938,86184,352348
US48,"4/9/2019 3 a.m. EDT",33821,27,29668,7051,2663,106361,72270,86221,339626
US48,"4/9/2019 4 a.m. EDT",33860,29,30445,7025,2606,101667,68932,86284,332330
US48,"4/9/2019 5 a.m. EDT",33908,33,29919,7103,2615,103060,69127,86402,333398
US48,"4/9/2019 6 a.m. EDT",32430,28,32417,7471,2640,109298,73336,86543,345308
US48,"4/9/2019 7 a.m. EDT",31681,46,36475,7382,2783,122458,81479,86646,370056
US48,"4/9/2019 8 a.m. EDT",30308,350,39971,7466,3161,133580,89558,86519,391848
US48,"4/9/2019 9 a.m. EDT",30212,1027,42428,7645,3437,138565,94383,86651,405046
US48,"4/9/2019 10 a.m. EDT",29879,3797,43991,7951,3492,140688,95649,86843,412611
US48,"4/9/2019 11 a.m. EDT",26249,9962,44114,8269,3644,142254,97118,86895,418967
US48,"4/9/2019 12 p.m. EDT",27799,14856,42624,7553,4697,141857,95956,87015,423033
US48,"4/9/2019 1 p.m. EDT",31309,18164,39923,7492,4758,143695,94693,87060,427868
US48,"4/9/2019 2 p.m. EDT",34398,18625,39003,7607,4673,143977,95419,87124,431691
US48,"4/9/2019 3 p.m. EDT",38580,18886,37382,7409,4683,145275,95822,87202,436039
US48,"4/9/2019 4 p.m. EDT",41813,18172,38202,7549,4740,145331,95829,87278,439787
US48,"4/9/2019 5 p.m. EDT",44587,17921,38733,7543,4770,146625,95464,87513,444027
US48,"4/9/2019 6 p.m. EDT",47016,16578,40330,7549,4792,149567,92902,87361,447182
US48,"4/9/2019 7 p.m. EDT",47426,15097,42028,7490,4732,151892,93564,87178,450804
US48,"4/9/2019 8 p.m. EDT",48482,11847,43867,8297,3907,153175,94929,87160,452340
US48,"4/9/2019 9 p.m. EDT",49999,5857,46526,8216,3790,151336,95131,87180,448576
US48,"4/9/2019 10 p.m. EDT",53762,746,46321,7998,3851,144762,94759,87147,440211
US48,"4/9/2019 11 p.m. EDT",56205,106,44030,7980,3590,132420,89642,87176,422288
US48,"4/10/2019 12 a.m. EDT",59206,153,41160,7855,3313,118528,80420,86008,398051
US48,"4/10/2019 1 a.m. EDT",59803,101,37746,6991,2748,105851,73748,87123,375342
US48,"4/10/2019 2 a.m. EDT",59257,93,34636,6878,2361,95855,68115,87190,355812
US48,"4/10/2019 3 a.m. EDT",60133,75,32459,6746,2416,90897,63131,87181,344429
US48,"4/10/2019 4 a.m. EDT",59286,47,29474,6716,2342,90249,60870,87198,337752
US48,"4/10/2019 5 a.m. EDT",58656,44,28956,6714,2299,92384,60592,87316,338382
US48,"4/10/2019 6 a.m. EDT",56488,65,33180,7361,2597,99246,63788,87588,351798
US48,"4/10/2019 7 a.m. EDT",56057,140,37445,7450,3008,110232,71924,87658,375326
US48,"4/10/2019 8 a.m. EDT",57067,907,40201,7570,3069,117496,79413,87675,394770
US48,"4/10/2019 9 a.m. EDT",57952,2927,41826,7920,3255,118631,83008,87682,404427
US48,"4/10/2019 10 a.m. EDT",57753,7245,44296,8340,3209,119699,83954,87678,413166
US48,"4/10/2019 11 a.m. EDT",55479,15644,42954,8339,3199,120866,86714,87652,421906
US48,"4/10/2019 12 p.m. EDT",55029,20639,39495,8318,3301,121271,88182,87625,425102
US48,"4/10/2019 1 p.m. EDT",57604,22240,38474,8378,3390,122078,87217,87550,428463
US48,"4/10/2019 2 p.m. EDT",59427,22452,36879,8374,3466,126271,87592,87504,433719
US48,"4/10/2019 3 p.m. EDT",60754,22029,36897,8309,3691,130711,87499,87508,439219
US48,"4/10/2019 4 p.m. EDT",61545,22182,37218,8450,3851,135061,88085,87497,445479
US48,"4/10/2019 5 p.m. EDT",61487,21687,39489,8358,3839,139292,89579,87519,453079
US48,"4/10/2019 6 p.m. EDT",61146,19981,40836,8528,3954,141967,90952,87545,456706
US48,"4/10/2019 7 p.m. EDT",60545,16994,42973,8490,3942,143628,92463,87639,458404
US48,"4/10/2019 8 p.m. EDT",60241,13089,45824,8500,3985,144316,94683,87721,460175
US48,"4/10/2019 9 p.m. EDT",60622,6813,47716,7922,3927,143411,95338,87636,455202
US48,"4/10/2019 10 p.m. EDT",62215,921,46987,7566,3954,141848,93971,87209,446534
US48,"4/10/2019 11 p.m. EDT",62533,79,44621,7503,3705,130843,89488,87294,428043
US48,"4/11/2019 12 a.m. EDT",58309,61,42800,6999,3292,117177,84287,87903,402831
US48,"4/11/2019 1 a.m. EDT",60099,67,38427,6998,2953,105335,77854,87641,381365
US48,"4/11/2019 2 a.m. EDT",58691,70,34758,7111,2459,96182,74052,87864,363189
US48,"4/11/2019 3 a.m. EDT",57292,63,32109,7066,2375,92823,70455,87984,352063
US48,"4/11/2019 4 a.m. EDT",56885,33,30779,7029,2175,90578,66973,88103,344169
US48,"4/11/2019 5 a.m. EDT",56395,50,30727,7059,2033,92944,65431,88508,344687
US48,"4/11/2019 6 a.m. EDT",56133,49,35020,7200,2131,99352,68460,88963,359026
US48,"4/11/2019 7 a.m. EDT",55998,161,39097,7271,2412,108970,75924,89110,380858
US48,"4/11/2019 8 a.m. EDT",55474,969,41050,7276,3285,116626,84180,89188,399919
US48,"4/11/2019 9 a.m. EDT",53184,2806,41055,7337,3329,122358,89140,89315,410425
US48,"4/11/2019 10 a.m. EDT",51457,7213,42017,7590,3427,126059,89751,89405,418608
US48,"4/11/2019 11 a.m. EDT",51009,15674,41315,7808,3400,126295,88855,89491,425366
US48,"4/11/2019 12 p.m. EDT",52041,18782,39679,7809,3423,127487,88009,89424,428081
US48,"4/11/2019 1 p.m. EDT",51504,22103,38266,7794,3443,130429,88034,89382,432353
US48,"4/11/2019 2 p.m. EDT",52585,21808,38386,7955,3417,132980,87640,89440,435500
US48,"4/11/2019 3 p.m. EDT",51751,20534,39206,8073,3531,137717,87052,89551,438687
US48,"4/11/2019 4 p.m. EDT",51543,19700,39871,8094,3576,139244,87763,89732,441002
US48,"4/11/2019 5 p.m. EDT",51090,18640,41344,8081,3412,141812,89541,89790,444871
US48,"4/11/2019 6 p.m. EDT",50893,14452,42512,8015,3455,144564,91023,89710,445906
US48,"4/11/2019 7 p.m. EDT",49943,10923,44663,8116,3482,145629,90584,89634,444271
US48,"4/11/2019 8 p.m. EDT",48706,8496,46770,7695,3432,147171,92645,89627,445872
US48,"4/11/2019 9 p.m. EDT",46071,4772,48034,7756,3408,149151,94227,89624,444416
US48,"4/11/2019 10 p.m. EDT",43142,730,47532,7838,3740,149207,95389,89508,438569
US48,"4/11/2019 11 p.m. EDT",42427,332,45425,7233,3624,139661,91427,89392,420811
US48,"4/12/2019 12 a.m. EDT",40844,81,42368,7165,3223,127653,87007,88586,399111
US48,"4/12/2019 1 a.m. EDT",40946,38,39403,7210,2635,115103,81374,89200,378388
US48,"4/12/2019 2 a.m. EDT",41782,45,35575,7068,2301,105206,77342,89117,360952
US48,"4/12/2019 3 a.m. EDT",42932,24,32882,7042,2127,100632,72539,89073,348531
US48,"4/12/2019 4 a.m. EDT",40678,21,31573,6897,2059,98995,71382,89109,341694
US48,"4/12/2019 5 a.m. EDT",39664,23,30721,6864,2052,100406,71184,89180,341101
US48,"4/12/2019 6 a.m. EDT",39790,31,32718,7087,2140,106768,75040,89588,354135
US48,"4/12/2019 7 a.m. EDT",41019,114,35660,7230,2616,117232,83096,89611,377788
US48,"4/12/2019 8 a.m. EDT",40367,584,39155,7467,3054,127635,89724,89577,398758
US48,"4/12/2019 9 a.m. EDT",40967,1808,42519,7891,3265,131737,93010,89564,411904
US48,"4/12/2019 10 a.m. EDT",39923,4737,43846,7936,3297,137941,94269,89517,422683
US48,"4/12/2019 11 a.m. EDT",39259,11291,44850,8029,3166,138329,94884,89477,430488
US48,"4/12/2019 12 p.m. EDT",39578,16074,42587,8135,2861,137651,93309,89426,430901
US48,"4/12/2019 1 p.m. EDT",38851,18676,40169,7914,2928,138816,91970,89397,430038
US48,"4/12/2019 2 p.m. EDT",37967,19886,39385,7894,3126,138848,92168,89410,430108
US48,"4/12/2019 3 p.m. EDT",37773,20115,38052,7929,3163,140343,90878,89414,429287
US48,"4/12/2019 4 p.m. EDT",38840,19267,37282,8053,3434,141121,90367,89418,429345
US48,"4/12/2019 5 p.m. EDT",39966,18410,38006,8093,3475,141529,89359,89141,429494
US48,"4/12/2019 6 p.m. EDT",40671,16722,38955,8068,3284,140680,89018,88792,427694
US48,"4/12/2019 7 p.m. EDT",41502,14405,39669,8076,3235,139805,87798,88363,424464
US48,"4/12/2019 8 p.m. EDT",41500,12375,40111,8037,3190,139270,87523,88113,421754
US48,"4/12/2019 9 p.m. EDT",40510,7034,42070,8040,3179,140977,89305,87988,420524
US48,"4/12/2019 10 p.m. EDT",41053,1033,42813,7935,3360,139633,92487,87480,417209
US48,"4/12/2019 11 p.m. EDT",43627,379,41032,7821,3023,130032,90231,87262,404150
US48,"4/13/2019 12 a.m. EDT",47655,28,39489,7574,2901,118136,84480,88310,389485
US48,"4/13/2019 1 a.m. EDT",44939,41,37867,6658,2694,109158,80865,87039,370260
US48,"4/13/2019 2 a.m. EDT",43497,47,35329,6690,2498,102780,77677,87002,356400
US48,"4/13/2019 3 a.m. EDT",42338,42,32989,6629,2326,97250,73182,87028,342699
US48,"4/13/2019 4 a.m. EDT",40847,34,32162,6487,2174,96351,71784,87019,337787
US48,"4/13/2019 5 a.m. EDT",40143,38,30296,6475,2174,95781,70368,87041,334173
US48,"4/13/2019 6 a.m. EDT",40079,38,29742,6665,2184,98101,70937,87137,336642
US48,"4/13/2019 7 a.m. EDT",39458,42,30499,6931,2284,101835,74127,87305,344127
US48,"4/13/2019 8 a.m. EDT",36892,251,32492,7075,2526,107450,78779,87987,355036
US48,"4/13/2019 9 a.m. EDT",36007,1113,36867,7473,2925,113901,82984,87536,370368
US48,"4/13/2019 10 a.m. EDT",35157,4406,38763,7171,4083,120036,87169,87459,385860
US48,"4/13/2019 11 a.m. EDT",35905,12839,38367,7175,4250,120627,89220,87448,397678
US48,"4/13/2019 12 p.m. EDT",37857,18179,37477,7158,4351,119803,88055,87365,402089
US48,"4/13/2019 1 p.m. EDT",39080,20032,36518,8015,3539,121033,87228,87398,404761
US48,"4/13/2019 2 p.m. EDT",39136,20753,35864,7996,3394,120235,86663,87512,403505
US48,"4/13/2019 3 p.m. EDT",40869,20502,35307,8044,3294,120809,85426,87585,403756
US48,"4/13/2019 4 p.m. EDT",41405,20230,34644,8074,3227,122681,84222,87644,404115
US48,"4/13/2019 5 p.m. EDT",41327,19967,34716,8096,3226,123295,83171,87685,403320
US48,"4/13/2019 6 p.m. EDT",41650,18244,35880,8048,3337,124616,83821,87749,405054
US48,"4/13/2019 7 p.m. EDT",42320,16088,37507,8089,3553,124953,83685,87760,405701
US48,"4/13/2019 8 p.m. EDT",41747,12836,40393,8014,3673,127053,84980,87777,408235
US48,"4/13/2019 9 p.m. EDT",40457,7104,41962,7233,4507,130621,85814,87807,407377
US48,"4/13/2019 10 p.m. EDT",39639,1218,41832,7146,4696,132870,88475,87766,405826
US48,"4/13/2019 11 p.m. EDT",37924,610,39759,6987,4484,128328,86922,87556,394414
US48,"4/14/2019 12 a.m. EDT",37750,246,38108,6685,3868,118483,84089,87184,378646
US48,"4/14/2019 1 a.m. EDT",37921,235,36043,6609,2914,111714,78928,87593,364303
US48,"4/14/2019 2 a.m. EDT",37372,231,32863,6497,2646,105194,75348,87530,349989
US48,"4/14/2019 3 a.m. EDT",37892,229,30613,6551,2342,100785,72544,87562,340669
US48,"4/14/2019 4 a.m. EDT",37585,67,29861,6549,2235,98422,71190,86809,333877
US48,"4/14/2019 5 a.m. EDT",37148,28,29962,6530,2217,96410,71176,86437,331013
US48,"4/14/2019 6 a.m. EDT",38366,44,29208,6618,2142,96287,70788,86474,331151
US48,"4/14/2019 7 a.m. EDT",37997,102,30313,6632,2241,99472,71685,86519,336206
US48,"4/14/2019 8 a.m. EDT",37491,442,31884,6806,2319,104671,74564,86810,346246
US48,"4/14/2019 9 a.m. EDT",37794,1270,33604,7317,2363,110574,78787,86858,359877
US48,"4/14/2019 10 a.m. EDT",35418,5043,35605,7744,2695,116548,84091,86789,374996
US48,"4/14/2019 11 a.m. EDT",32074,12682,36045,7868,2838,120284,86489,86785,386269
US48,"4/14/2019 12 p.m. EDT",32517,16682,36196,7890,2974,121956,86835,86721,392906
US48,"4/14/2019 1 p.m. EDT",33178,17141,34446,7727,3061,122816,87253,86857,393650
US48,"4/14/2019 2 p.m. EDT",33855,17861,34654,7721,3080,122769,87257,86958,395240
US48,"4/14/2019 3 p.m. EDT",35835,17698,34375,7878,2999,125737,86472,87052,399178
US48,"4/14/2019 4 p.m. EDT",38513,16818,34110,7953,2871,123741,85625,86993,397781
US48,"4/14/2019 5 p.m. EDT",39476,16143,35221,7835,2773,125495,85491,86812,400415
US48,"4/14/2019 6 p.m. EDT",39992,15616,37205,7774,2864,126689,85147,86660,402970
US48,"4/14/2019 7 p.m. EDT",40379,14944,39409,7751,3012,128543,85520,86723,407461
US48,"4/14/2019 8 p.m. EDT",40327,12199,40570,7683,3262,131745,87585,86663,411157
US48,"4/14/2019 9 p.m. EDT",38759,6615,43491,7584,3370,134834,91245,86148,413116
US48,"4/14/2019 10 p.m. EDT",43293,1131,43390,7521,3398,131356,91153,86236,408497
US48,"4/14/2019 11 p.m. EDT",49244,633,41452,7281,3135,124455,86693,86306,399938
US48,"4/15/2019 12 a.m. EDT",50060,255,39074,6451,3653,110531,78740,87277,377180
US48,"4/15/2019 1 a.m. EDT",52135,90,36052,5874,3356,103755,74990,86182,363719
US48,"4/15/2019 2 a.m. EDT",51664,82,33790,6592,2213,96595,71651,86231,350192
US48,"4/15/2019 3 a.m. EDT",52187,89,31239,6486,2066,92409,67789,86242,339673
US48,"4/15/2019 4 a.m. EDT",51266,98,29924,6481,2078,92368,66206,86168,335640
US48,"4/15/2019 5 a.m. EDT",50539,100,29987,6496,2076,94988,66811,86334,338247
US48,"4/15/2019 6 a.m. EDT",51238,77,33223,6955,2250,100411,71064,86555,352607
US48,"4/15/2019 7 a.m. EDT",52564,150,37719,7334,2686,112883,77414,86561,378123
US48,"4/15/2019 8 a.m. EDT",53894,1058,41121,7662,3279,124542,83271,86586,402220
US48,"4/15/2019 9 a.m. EDT",52234,3099,44204,7823,3595,131055,87577,86691,417110
US48,"4/15/2019 10 a.m. EDT",48892,7559,46124,8079,3630,132412,88455,86762,422900
US48,"4/15/2019 11 a.m. EDT",44614,15124,47229,8083,3633,131821,89279,86760,427537
US48,"4/15/2019 12 p.m. EDT",44239,20436,43801,7172,4356,128425,88213,86779,424483
US48,"4/15/2019 1 p.m. EDT",44032,22197,40986,7176,4261,128331,87962,86878,423044
US48,"4/15/2019 2 p.m. EDT",44694,21834,37907,7215,4223,128035,87836,86850,419832
US48,"4/15/2019 3 p.m. EDT",46224,22209,37115,7257,4168,127861,87142,86838,420259
US48,"4/15/2019 4 p.m. EDT",47665,22278,36255,8194,3322,129265,86154,86888,421315
US48,"4/15/2019 5 p.m. EDT",48788,21280,36571,8144,3376,131014,85995,86910,423560
US48,"4/15/2019 6 p.m. EDT",50086,19173,37591,8340,3468,132905,86419,86930,426483
US48,"4/15/2019 7 p.m. EDT",51611,15257,40358,8347,3389,134725,86708,87012,429075
US48,"4/15/2019 8 p.m. EDT",51543,9617,44307,8249,3451,137919,88919,87024,432607
US48,"4/15/2019 9 p.m. EDT",51225,4587,45341,8105,3486,141118,92246,87030,434321
US48,"4/15/2019 10 p.m. EDT",52852,551,45870,7659,3518,138604,91905,87022,429474
US48,"4/15/2019 11 p.m. EDT",53409,251,44538,7413,3073,128641,88402,86979,414206
US48,"4/16/2019 12 a.m. EDT",49875,106,41339,6786,2418,116816,84004,86851,389901
US48,"4/16/2019 1 a.m. EDT",50668,90,38808,6953,2190,107588,76450,87018,371550
US48,"4/16/2019 2 a.m. EDT",49487,103,36086,6993,2071,101180,72742,86926,357115
US48,"4/16/2019 3 a.m. EDT",48728,92,34110,6927,2021,96628,70165,86852,347098
US48,"4/16/2019 4 a.m. EDT",46980,102,32726,6818,2029,95538,69117,86850,341773
US48,"4/16/2019 5 a.m. EDT",45251,107,33297,7017,2044,98327,70447,86911,344989
US48,"4/16/2019 6 a.m. EDT",45028,109,37102,7550,2137,103387,74030,87058,357837
US48,"4/16/2019 7 a.m. EDT",46228,288,40838,7859,2628,114867,80382,87083,381276
US48,"4/16/2019 8 a.m. EDT",46950,1284,44364,7906,3312,123318,86484,87079,401691
US48,"4/16/2019 9 a.m. EDT",47027,3649,44648,7996,3591,123894,89292,87015,408253
US48,"4/16/2019 10 a.m. EDT",43664,7293,45960,7767,3772,126663,89933,86966,413113
US48,"4/16/2019 11 a.m. EDT",42097,12878,45115,7496,3940,126201,89458,86919,415224
US48,"4/16/2019 12 p.m. EDT",42058,16897,42684,6518,4541,125443,87442,86628,413436
US48,"4/16/2019 1 p.m. EDT",42397,18848,40080,6627,4573,126218,86932,86497,413373
US48,"4/16/2019 2 p.m. EDT",43175,19871,38676,6724,4493,127962,88394,86436,416843
US48,"4/16/2019 3 p.m. EDT",43615,19635,37760,6819,4507,129865,88998,86360,419011
US48,"4/16/2019 4 p.m. EDT",44036,18343,37532,7722,3695,133202,90883,86282,423120
US48,"4/16/2019 5 p.m. EDT",45689,17232,38619,6958,4497,133953,91596,86297,426173
US48,"4/16/2019 6 p.m. EDT",46929,14724,39070,7019,4799,135720,93512,86307,429417
US48,"4/16/2019 7 p.m. EDT",45686,12336,41894,7061,4802,138511,93984,86325,432047
US48,"4/16/2019 8 p.m. EDT",47130,9102,43498,7216,4698,138466,94195,86335,431907
US48,"4/16/2019 9 p.m. EDT",49074,5589,45115,8195,3688,138627,93804,86287,431412
US48,"4/16/2019 10 p.m. EDT",51356,856,44722,8043,3704,136575,92885,86396,425471
US48,"4/16/2019 11 p.m. EDT",54955,253,43029,7868,3189,127491,86959,86339,410816
US48,"4/17/2019 12 a.m. EDT",59633,36,40208,7651,2455,115233,79704,86739,392617
US48,"4/17/2019 1 a.m. EDT",56623,29,37329,7683,2377,104260,71278,86913,367689
US48,"4/17/2019 2 a.m. EDT",55907,29,34850,7469,1933,96404,66978,87126,351677
US48,"4/17/2019 3 a.m. EDT",54401,12,31475,7143,1773,92861,62881,87272,339298
US48,"4/17/2019 4 a.m. EDT",53362,13,30642,7115,1693,92012,61677,87227,335129
US48,"4/17/2019 5 a.m. EDT",51622,12,30531,6984,1751,92537,62626,87305,334492
US48,"4/17/2019 6 a.m. EDT",49854,12,33342,7406,1854,99823,67135,87600,348039
US48,"4/17/2019 7 a.m. EDT",48690,171,36600,7879,2040,111223,74626,87560,369694
US48,"4/17/2019 8 a.m. EDT",48232,1067,39707,8105,2653,119156,81750,87609,389218
US48,"4/17/2019 9 a.m. EDT",47072,2916,40685,8170,3098,123932,86286,87568,400897
US48,"4/17/2019 10 a.m. EDT",43187,7807,43950,7167,4228,124923,89026,89118,410808
US48,"4/17/2019 11 a.m. EDT",41289,16912,43082,7204,4356,125486,89039,89088,417984
US48,"4/17/2019 12 p.m. EDT",42235,21837,41186,7215,4412,125555,87407,88949,420391
US48,"4/17/2019 1 p.m. EDT",42091,23717,38925,7980,3514,125776,87605,87473,418806
US48,"4/17/2019 2 p.m. EDT",42932,24228,36923,7967,3454,128126,89223,87525,421975
US48,"4/17/2019 3 p.m. EDT",44776,23636,32550,7198,4455,131287,89534,87480,424567
US48,"4/17/2019 4 p.m. EDT",46457,23652,32914,7987,3729,134540,89575,87619,429768
US48,"4/17/2019 5 p.m. EDT",46903,22100,33482,7140,4696,137786,90511,87668,437454
US48,"4/17/2019 6 p.m. EDT",49187,19822,35340,7165,4827,139723,89879,87771,440554
US48,"4/17/2019 7 p.m. EDT",50568,17274,37995,7264,4621,140353,88280,87836,441381
US48,"4/17/2019 8 p.m. EDT",51513,13835,40896,7285,4511,140541,88554,87947,443009
US48,"4/17/2019 9 p.m. EDT",52282,8780,42612,8361,3403,142530,89364,87981,443329
US48,"4/17/2019 10 p.m. EDT",52787,1680,43820,8098,3266,142102,87305,88027,434725
US48,"4/17/2019 11 p.m. EDT",52027,491,41725,7754,3075,132094,83894,88042,412912
US48,"4/18/2019 12 a.m. EDT",50983,29,38668,7507,2674,119921,79683,88110,392163
US48,"4/18/2019 1 a.m. EDT",52637,267,38434,7028,2410,108764,71802,87974,370897
US48,"4/18/2019 2 a.m. EDT",49040,234,35977,6963,1893,102585,67729,87906,353700
US48,"4/18/2019 3 a.m. EDT",46662,232,33080,6787,1726,97517,64347,87921,339539
US48,"4/18/2019 4 a.m. EDT",48092,74,31784,6728,1813,95477,61228,87894,334497
US48,"4/18/2019 5 a.m. EDT",48889,28,31335,6910,1727,96538,59941,88079,334894
US48,"4/18/2019 6 a.m. EDT",48789,15,32607,7102,1864,101462,62924,88145,344284
US48,"4/18/2019 7 a.m. EDT",49030,101,35679,7417,2224,110868,70396,88129,365244
US48,"4/18/2019 8 a.m. EDT",49907,840,38976,7884,2811,118941,78026,88120,386758
US48,"4/18/2019 9 a.m. EDT",48761,2530,41751,8215,3061,125253,82098,88118,401119
US48,"4/18/2019 10 a.m. EDT",47209,7746,43405,8258,3390,129056,85604,88078,414187
US48,"4/18/2019 11 a.m. EDT",47202,17106,43685,8321,3566,127564,86002,88014,422892
US48,"4/18/2019 12 p.m. EDT",49394,21608,42703,8540,3609,127702,83734,87933,426859
US48,"4/18/2019 1 p.m. EDT",52238,23246,41019,8844,3836,130070,81258,87906,430258
US48,"4/18/2019 2 p.m. EDT",53594,23922,40241,8028,4750,131294,82514,87936,434194
US48,"4/18/2019 3 p.m. EDT",54001,23600,41071,8058,4744,133428,81683,87982,436541
US48,"4/18/2019 4 p.m. EDT",54869,23271,42730,8021,4600,135523,82486,87971,441443
US48,"4/18/2019 5 p.m. EDT",53250,22264,43905,7974,4307,138701,82901,88073,443333
US48,"4/18/2019 6 p.m. EDT",52604,20150,44296,7943,4270,140651,83938,88140,443938
US48,"4/18/2019 7 p.m. EDT",51782,17560,45843,7971,3955,141650,84173,88165,442950
US48,"4/18/2019 8 p.m. EDT",50604,14948,47657,7995,3754,142885,84382,88205,442255
US48,"4/18/2019 9 p.m. EDT",45342,8934,49633,7982,4013,146728,86352,88204,438845
US48,"4/18/2019 10 p.m. EDT",40931,1673,49489,7967,4227,148307,88780,88022,430919
US48,"4/18/2019 11 p.m. EDT",41487,349,47270,7747,3846,140201,84622,88119,415409
US48,"4/19/2019 12 a.m. EDT",45361,333,43961,7463,3320,126936,76390,88299,393967
US48,"4/19/2019 1 a.m. EDT",42383,244,40048,6688,2826,118731,69535,88351,370588
US48,"4/19/2019 2 a.m. EDT",42945,234,36325,6505,2760,110155,66207,88308,355068
US48,"4/19/2019 3 a.m. EDT",42214,219,33173,6395,2648,104398,63057,88235,341943
US48,"4/19/2019 4 a.m. EDT",40763,55,31266,6417,2828,101398,61503,88232,333949
US48,"4/19/2019 5 a.m. EDT",39419,21,31187,6589,3084,101317,61769,88397,333239
US48,"4/19/2019 6 a.m. EDT",38728,19,31837,6978,3080,106025,62521,88412,338872
US48,"4/19/2019 7 a.m. EDT",39305,81,33563,8052,2642,114223,65189,88418,352474
US48,"4/19/2019 8 a.m. EDT",40211,485,35896,8200,2880,122952,70030,88451,370307
US48,"4/19/2019 9 a.m. EDT",39382,1256,39632,8448,2902,129014,74594,88393,384699
US48,"4/19/2019 10 a.m. EDT",32885,5967,42118,8569,3175,135027,82604,88391,399882
US48,"4/19/2019 11 a.m. EDT",30774,13082,43239,7818,3744,136285,85033,88389,409614
US48,"4/19/2019 12 p.m. EDT",33825,17349,41573,8604,2399,137309,82031,88383,412703
US48,"4/19/2019 1 p.m. EDT",34846,18656,39433,8411,2388,139482,80751,88369,413588
US48,"4/19/2019 2 p.m. EDT",33578,19530,37044,8363,2420,140677,81408,88390,412630
US48,"4/19/2019 3 p.m. EDT",32265,18987,37629,7624,3177,141564,80245,88423,411224
US48,"4/19/2019 4 p.m. EDT",31375,18165,37880,7650,3135,141269,79695,88397,408851
US48,"4/19/2019 5 p.m. EDT",30002,18088,39488,8498,2348,141803,79747,88441,409611
US48,"4/19/2019 6 p.m. EDT",28280,17047,40267,8513,2319,143211,80916,88527,410268
US48,"4/19/2019 7 p.m. EDT",26193,15428,40950,8445,2491,142451,82620,88540,408244
US48,"4/19/2019 8 p.m. EDT",23972,13031,42970,8567,2562,144340,83750,88595,408951
US48,"4/19/2019 9 p.m. EDT",21039,7019,44873,8239,2654,148624,84784,88595,406706
US48,"4/19/2019 10 p.m. EDT",20321,1311,46275,7973,2706,148337,85096,88609,401461
US48,"4/19/2019 11 p.m. EDT",23407,347,45321,7288,2480,140683,81622,88644,390747
US48,"4/20/2019 12 a.m. EDT",25293,361,43439,6976,1982,128338,76864,88675,372941
US48,"4/20/2019 1 a.m. EDT",31240,273,40094,6642,1932,116930,71255,88758,357890
US48,"4/20/2019 2 a.m. EDT",35482,253,36813,6279,1457,108314,67178,88812,344796
US48,"4/20/2019 3 a.m. EDT",39491,240,34541,5873,1322,100590,61142,88826,332461
US48,"4/20/2019 4 a.m. EDT",42372,70,31927,5781,1319,96653,57732,88881,325244
US48,"4/20/2019 5 a.m. EDT",44315,22,31451,5753,1319,96051,56256,88914,324434
US48,"4/20/2019 6 a.m. EDT",45978,29,31703,5774,1321,96223,56330,88917,326811
US48,"4/20/2019 7 a.m. EDT",46946,57,31883,5849,1325,99917,57751,88478,332757
US48,"4/20/2019 8 a.m. EDT",47660,582,33217,6063,1305,104080,61633,88334,343514
US48,"4/20/2019 9 a.m. EDT",46146,2360,37271,6324,1482,110036,65940,88385,358407
US48,"4/20/2019 10 a.m. EDT",42678,7478,38742,6959,1778,116965,70188,88382,373566
US48,"4/20/2019 11 a.m. EDT",37533,15182,40499,7128,1985,118618,73791,88387,383580
US48,"4/20/2019 12 p.m. EDT",39707,19172,39524,7081,1945,116085,72748,88445,385207
US48,"4/20/2019 1 p.m. EDT",40659,21598,38457,7108,1902,113907,71600,88435,384428
US48,"4/20/2019 2 p.m. EDT",42167,21245,37297,7036,1827,112739,69972,88401,381530
US48,"4/20/2019 3 p.m. EDT",44444,20621,36216,7553,1779,112202,68480,88407,380689
US48,"4/20/2019 4 p.m. EDT",46895,19489,36183,7717,1733,112609,66828,88388,380816
US48,"4/20/2019 5 p.m. EDT",47996,17479,36057,7750,1783,114704,67356,88369,382383
US48,"4/20/2019 6 p.m. EDT",48610,17012,36146,7763,1799,116251,68421,88375,385184
US48,"4/20/2019 7 p.m. EDT",50142,13957,36930,7837,1877,117667,69858,88282,387381
US48,"4/20/2019 8 p.m. EDT",49853,11990,39935,7748,1846,120186,71160,88313,391786
US48,"4/20/2019 9 p.m. EDT",49385,7538,41158,7803,1908,121751,72476,88323,391119
US48,"4/20/2019 10 p.m. EDT",53151,1385,44574,7648,1779,119965,71512,88289,389031
US48,"4/20/2019 11 p.m. EDT",55396,831,45289,7204,1388,114898,68256,88197,381787
US48,"4/21/2019 12 a.m. EDT",61830,272,42793,6960,1273,104402,63642,87878,370324
US48,"4/21/2019 1 a.m. EDT",53440,80,39628,6289,1211,97795,61403,87976,349375
US48,"4/21/2019 2 a.m. EDT",52207,73,36207,6015,1118,92173,57507,87794,334761
US48,"4/21/2019 3 a.m. EDT",50960,71,34444,6064,995,88773,54933,87951,325688
US48,"4/21/2019 4 a.m. EDT",49553,85,33827,5997,988,85220,54095,87775,318951
US48,"4/21/2019 5 a.m. EDT",49534,99,33537,6012,975,84776,53978,87505,317829
US48,"4/21/2019 6 a.m. EDT",50276,102,34232,6035,977,84291,54486,87606,319199
US48,"4/21/2019 7 a.m. EDT",48560,310,35207,6057,1015,87255,55076,87740,322428
US48,"4/21/2019 8 a.m. EDT",49220,1267,36500,6174,997,90879,58388,88009,332485
US48,"4/21/2019 9 a.m. EDT",50031,3354,38791,6539,1178,94406,61291,88010,344506
US48,"4/21/2019 10 a.m. EDT",46696,8717,39213,6827,1675,97810,64153,88060,353965
US48,"4/21/2019 11 a.m. EDT",44858,16386,37664,6854,1792,95950,64483,87934,356767
US48,"4/21/2019 12 p.m. EDT",46302,18674,36677,7129,1712,96491,63423,87460,358796
US48,"4/21/2019 1 p.m. EDT",46454,18975,36003,7229,1669,96763,63567,87290,359046
US48,"4/21/2019 2 p.m. EDT",46194,19007,35971,7141,1635,97440,63064,87331,359115
US48,"4/21/2019 3 p.m. EDT",46071,19920,35414,7154,1719,97900,63071,87366,360027
US48,"4/21/2019 4 p.m. EDT",47159,19160,35834,7048,1863,100034,62868,87310,362695
US48,"4/21/2019 5 p.m. EDT",48220,18176,35917,7007,1892,103106,63521,87320,366543
US48,"4/21/2019 6 p.m. EDT",49557,16815,36310,7152,1973,106707,64042,87351,371255
US48,"4/21/2019 7 p.m. EDT",50950,14260,37794,7173,2060,109406,65569,87492,376035
US48,"4/21/2019 8 p.m. EDT",51339,11701,40585,7130,2127,112318,67600,87547,381515
US48,"4/21/2019 9 p.m. EDT",51094,7223,43739,7390,2149,115186,69746,87740,385362
US48,"4/21/2019 10 p.m. EDT",52739,1680,45635,6934,2050,116044,69589,87803,383616
US48,"4/21/2019 11 p.m. EDT",55839,801,45812,6775,1943,108474,67747,87882,375971
US48,"4/22/2019 12 a.m. EDT",53975,280,43608,6594,1629,101234,64942,86566,360032
US48,"4/22/2019 1 a.m. EDT",56910,271,40572,6156,1392,89372,57668,87118,340508
US48,"4/22/2019 2 a.m. EDT",55830,258,38168,6067,1290,81937,55015,87004,326659
US48,"4/22/2019 3 a.m. EDT",52697,243,35596,5923,1318,79618,54222,87066,317611
US48,"4/22/2019 4 a.m. EDT",51833,61,34177,5962,1259,79360,53076,87098,314013
US48,"4/22/2019 5 a.m. EDT",51078,9,33568,6240,1266,84700,53284,87128,318357
US48,"4/22/2019 6 a.m. EDT",51038,15,35688,6529,1398,93643,56393,87364,333126
US48,"4/22/2019 7 a.m. EDT",48149,135,39229,6889,1616,107461,62730,87446,354872
US48,"4/22/2019 8 a.m. EDT",45755,988,42745,7400,2209,120332,68472,87340,376652
US48,"4/22/2019 9 a.m. EDT",42080,3266,46086,7755,2520,127134,74098,87120,391352
US48,"4/22/2019 10 a.m. EDT",38724,8068,48007,7860,2751,130210,79077,87076,402893
US48,"4/22/2019 11 a.m. EDT",38177,16538,47653,8227,2823,130293,80192,86922,412093
US48,"4/22/2019 12 p.m. EDT",36407,20271,45675,8637,3028,131818,80726,86925,414851
US48,"4/22/2019 1 p.m. EDT",35985,21982,45206,8607,2974,134992,80082,86532,417701
US48,"4/22/2019 2 p.m. EDT",36931,21908,45257,8611,2831,137977,80910,86561,422185
US48,"4/22/2019 3 p.m. EDT",36879,22616,44862,8600,2887,140873,82681,86581,427427
US48,"4/22/2019 4 p.m. EDT",37055,22493,43915,8570,2997,145849,82978,86673,432132
US48,"4/22/2019 5 p.m. EDT",37861,20836,46330,8709,2858,149952,83227,86624,437983
US48,"4/22/2019 6 p.m. EDT",37728,17853,47638,8615,2483,154819,84366,86431,441530
US48,"4/22/2019 7 p.m. EDT",39744,14995,49487,8597,2389,156472,85170,86439,444679
US48,"4/22/2019 8 p.m. EDT",39248,10792,51563,8682,2403,157619,84428,86444,442571
US48,"4/22/2019 9 p.m. EDT",39534,7370,51684,8668,2403,159311,83846,86410,440702
US48,"4/22/2019 10 p.m. EDT",39236,1521,49249,8532,2619,158256,84527,86388,431953
US48,"4/22/2019 11 p.m. EDT",38808,741,47318,7954,2388,146761,81756,86440,413403
US48,"4/23/2019 12 a.m. EDT",38901,265,44751,6929,1927,127109,75907,86364,383892
US48,"4/23/2019 1 a.m. EDT",39066,261,41345,6745,1628,117365,71826,86507,366432
US48,"4/23/2019 2 a.m. EDT",37719,237,38154,6700,1459,107984,67320,86417,347359
US48,"4/23/2019 3 a.m. EDT",35445,231,35945,6569,1423,103348,64111,86461,334889
US48,"4/23/2019 4 a.m. EDT",35678,63,34776,6518,1431,101643,61701,86423,329661
US48,"4/23/2019 5 a.m. EDT",34352,22,34533,6617,1431,102501,62169,86446,329458
US48,"4/23/2019 6 a.m. EDT",33071,22,35654,6832,1457,108459,67000,86697,340618
US48,"4/23/2019 7 a.m. EDT",31916,192,38451,7278,1615,120190,74322,86688,361992
US48,"4/23/2019 8 a.m. EDT",30215,1332,40575,7487,2311,130924,80147,86675,381025
US48,"4/23/2019 9 a.m. EDT",28100,3399,42608,7750,2655,137824,83771,86655,394237
US48,"4/23/2019 10 a.m. EDT",26193,8470,45225,7751,2799,139358,86367,86591,403894
US48,"4/23/2019 11 a.m. EDT",25320,16287,46289,7764,2826,139373,86205,86541,411692
US48,"4/23/2019 12 p.m. EDT",27468,20937,43810,7848,2680,140618,85040,86471,415920
US48,"4/23/2019 1 p.m. EDT",27404,22181,43789,8012,2541,144667,85423,86406,421517
US48,"4/23/2019 2 p.m. EDT",26816,23461,43544,8131,2696,149259,87875,86414,429162
US48,"4/23/2019 3 p.m. EDT",25672,23565,43929,8323,3087,155786,88388,86400,436007
US48,"4/23/2019 4 p.m. EDT",24447,23291,45418,8339,2993,160850,88805,86401,441391
US48,"4/23/2019 5 p.m. EDT",23552,22185,46270,8256,3013,164618,91912,86361,447121
US48,"4/23/2019 6 p.m. EDT",23838,20102,47694,8322,2994,166919,93007,86383,450250
US48,"4/23/2019 7 p.m. EDT",25606,16885,49515,8452,2854,166781,92174,86414,449623
US48,"4/23/2019 8 p.m. EDT",26664,13566,52349,8537,2803,165414,91562,86312,447807
US48,"4/23/2019 9 p.m. EDT",26632,8461,52871,8441,2883,168616,92358,86084,446960
US48,"4/23/2019 10 p.m. EDT",27265,1478,51595,8277,2812,167084,93205,85895,438202
US48,"4/23/2019 11 p.m. EDT",29953,597,47803,8024,2516,153055,90366,85893,418326
US48,"4/24/2019 12 a.m. EDT",31642,33,44793,7587,2038,135037,84806,86509,393077
US48,"4/24/2019 1 a.m. EDT",28607,27,43379,7137,1803,122790,80909,86046,371147
US48,"4/24/2019 2 a.m. EDT",26984,28,39327,6990,1648,114960,76139,86023,352415
US48,"4/24/2019 3 a.m. EDT",26145,26,36613,6849,1588,110621,71828,86064,340082
US48,"4/24/2019 4 a.m. EDT",25495,28,35430,6907,1589,109109,69411,86047,334488
US48,"4/24/2019 5 a.m. EDT",24233,26,34611,6929,1536,110665,70153,86186,334886
US48,"4/24/2019 6 a.m. EDT",23271,25,35669,7189,1695,115394,73515,86670,344088
US48,"4/24/2019 7 a.m. EDT",22538,201,37992,7318,1963,126690,80362,86749,364603
US48,"4/24/2019 8 a.m. EDT",21036,961,40286,7604,2356,137301,85809,86812,383042
US48,"4/24/2019 9 a.m. EDT",18931,2745,42756,7907,2535,144851,89440,86846,397063
US48,"4/24/2019 10 a.m. EDT",16079,7881,45387,8230,2656,148222,91908,86863,408231
US48,"4/24/2019 11 a.m. EDT",14635,17049,46332,8127,2898,148415,91327,86825,416592
US48,"4/24/2019 12 p.m. EDT",16508,21472,45229,8114,2780,149478,89836,86786,421365
US48,"4/24/2019 1 p.m. EDT",16645,22904,44346,8204,2802,153530,90917,86878,427416
US48,"4/24/2019 2 p.m. EDT",15890,23643,46422,8493,2894,156194,93154,86873,434754
US48,"4/24/2019 3 p.m. EDT",15032,23933,48201,8897,3016,160530,93673,86951,441462
US48,"4/24/2019 4 p.m. EDT",14130,23779,49985,9082,3110,165473,95878,87005,449375
US48,"4/24/2019 5 p.m. EDT",13738,22767,51185,9197,3205,170372,96564,87037,455155
US48,"4/24/2019 6 p.m. EDT",13072,20467,50819,9049,3221,175413,97918,87142,458192
US48,"4/24/2019 7 p.m. EDT",12850,17427,51138,8980,3160,177922,97665,87238,457352
US48,"4/24/2019 8 p.m. EDT",13116,14467,55875,8899,2959,177058,96853,87282,457365
US48,"4/24/2019 9 p.m. EDT",13950,9245,56815,8813,2784,176947,97255,87366,453937
US48,"4/24/2019 10 p.m. EDT",15216,2053,55423,8255,2854,175294,96526,87418,443899
US48,"4/24/2019 11 p.m. EDT",18135,1031,50707,7880,2649,162960,93805,87468,424907
US48,"4/25/2019 12 a.m. EDT",23145,285,47611,7478,2086,144195,87303,86493,399813
US48,"4/25/2019 1 a.m. EDT",23337,297,44712,7293,1744,132094,78820,87624,376880
US48,"4/25/2019 2 a.m. EDT",24274,291,41341,7178,1581,120286,72874,87411,355906
US48,"4/25/2019 3 a.m. EDT",26129,281,39694,7121,1393,112987,67303,87455,342855
US48,"4/25/2019 4 a.m. EDT",26307,102,38299,6964,1455,109514,65624,87436,336184
US48,"4/25/2019 5 a.m. EDT",25625,68,38097,7008,1464,108978,66190,87500,335283
US48,"4/25/2019 6 a.m. EDT",24141,66,39352,7363,1486,115959,71456,87757,347760
US48,"4/25/2019 7 a.m. EDT",23517,191,41597,7766,1620,126816,77072,87717,366706
US48,"4/25/2019 8 a.m. EDT",23880,1232,44365,8030,2128,136510,81928,87739,386369
US48,"4/25/2019 9 a.m. EDT",25510,2968,47018,8117,2084,140636,84828,87728,399509
US48,"4/25/2019 10 a.m. EDT",25009,8753,48878,8006,2166,144385,86608,86978,411307
US48,"4/25/2019 11 a.m. EDT",23318,17835,47871,8495,2092,145323,88042,86528,420231
US48,"4/25/2019 12 p.m. EDT",24284,22048,47649,8659,2186,146741,88240,86527,427104
US48,"4/25/2019 1 p.m. EDT",24888,23170,46284,8709,1981,151665,88265,86500,432270
US48,"4/25/2019 2 p.m. EDT",26480,23404,46948,8044,2465,154547,89865,86457,438969
US48,"4/25/2019 3 p.m. EDT",29412,23103,47147,8121,2719,158539,88900,86548,445391
US48,"4/25/2019 4 p.m. EDT",30839,22694,48827,8551,2156,161262,87675,86575,449593
US48,"4/25/2019 5 p.m. EDT",31625,20760,50544,8515,2181,165306,88016,86689,454885
US48,"4/25/2019 6 p.m. EDT",32610,18793,50917,8325,2096,168976,89190,86739,458850
US48,"4/25/2019 7 p.m. EDT",34787,16441,51114,7847,2171,171059,88706,86795,460181
US48,"4/25/2019 8 p.m. EDT",36055,14193,53615,8321,2060,170820,87419,86903,460818
US48,"4/25/2019 9 p.m. EDT",34347,7853,55683,8376,1895,172072,87774,86952,456155
US48,"4/25/2019 10 p.m. EDT",34107,1626,53172,8037,2017,170001,89233,86791,446285
US48,"4/25/2019 11 p.m. EDT",36330,1020,49755,7824,1751,156925,85610,86485,426374
US48,"4/26/2019 12 a.m. EDT",33248,270,47438,7751,1568,142785,80989,86082,401396
US48,"4/26/2019 1 a.m. EDT",37251,242,45107,7166,1545,126256,72726,86456,377903
US48,"4/26/2019 2 a.m. EDT",35329,234,42526,7005,1569,116530,69518,86301,359993
US48,"4/26/2019 3 a.m. EDT",34871,203,39720,7003,1428,109362,66515,86189,345944
US48,"4/26/2019 4 a.m. EDT",34231,64,37773,7019,1318,107032,64340,86326,338668
US48,"4/26/2019 5 a.m. EDT",35084,15,36617,7132,1352,107557,63479,86323,338202
US48,"4/26/2019 6 a.m. EDT",38223,12,37197,7099,1443,110881,65175,86550,347345
US48,"4/26/2019 7 a.m. EDT",40039,30,40514,7193,1571,121693,70048,86348,368208
US48,"4/26/2019 8 a.m. EDT",40665,428,42436,7254,1879,131173,75508,86312,386565
US48,"4/26/2019 9 a.m. EDT",39992,1895,46023,7500,2129,137342,79646,86317,401843
US48,"4/26/2019 10 a.m. EDT",37473,7370,49784,7930,2239,140377,83296,86330,415539
US48,"4/26/2019 11 a.m. EDT",38163,15829,49545,8069,2300,140374,83471,86361,424775
US48,"4/26/2019 12 p.m. EDT",40482,20299,47241,8107,2255,140576,82609,86333,428734
US48,"4/26/2019 1 p.m. EDT",41852,21597,44433,8190,2312,142202,83431,86460,431557
US48,"4/26/2019 2 p.m. EDT",42673,22481,44575,8112,2370,144373,83936,86453,436174
US48,"4/26/2019 3 p.m. EDT",43360,21891,45059,8045,2519,147056,84518,86498,440271
US48,"4/26/2019 4 p.m. EDT",44058,22800,44127,8065,2645,149692,84706,86682,444034
US48,"4/26/2019 5 p.m. EDT",44960,21442,44455,8015,2700,151684,84628,86800,445681
US48,"4/26/2019 6 p.m. EDT",46433,20171,45642,7939,2650,152461,83527,86871,446625
US48,"4/26/2019 7 p.m. EDT",48268,17838,46006,7982,2664,151770,82763,86905,444789
US48,"4/26/2019 8 p.m. EDT",49824,14363,46205,7840,2712,149041,82242,86985,439461
US48,"4/26/2019 9 p.m. EDT",49557,8121,47297,7343,2628,148220,81759,86984,431881
US48,"4/26/2019 10 p.m. EDT",49984,2029,47419,7153,2748,145277,82487,86099,422878
US48,"4/26/2019 11 p.m. EDT",53901,1093,46614,7090,2336,132766,79224,86013,407779
US48,"4/27/2019 12 a.m. EDT",54087,411,44966,7185,1956,119911,74791,85963,388551
US48,"4/27/2019 1 a.m. EDT",53916,401,42229,7045,1952,106943,73221,86653,371745
US48,"4/27/2019 2 a.m. EDT",53594,387,39061,7038,1946,98133,70121,86667,355376
US48,"4/27/2019 3 a.m. EDT",54140,378,35930,6837,1800,90963,66131,86693,340753
US48,"4/27/2019 4 a.m. EDT",52044,234,34561,6598,1790,88555,63843,86926,332245
US48,"4/27/2019 5 a.m. EDT",49981,184,33493,6550,1792,86421,64971,87160,327968
US48,"4/27/2019 6 a.m. EDT",51646,178,33697,6597,1808,85571,64539,87301,328854
US48,"4/27/2019 7 a.m. EDT",54083,360,34819,6673,1862,87197,65374,87450,335687
US48,"4/27/2019 8 a.m. EDT",55645,1587,36418,6889,1917,92308,67418,87502,347233
US48,"4/27/2019 9 a.m. EDT",55632,3955,38661,6992,2091,97609,68729,87233,358241
US48,"4/27/2019 10 a.m. EDT",55656,10222,38587,7001,2420,101511,73129,87005,373363
US48,"4/27/2019 11 a.m. EDT",54731,17550,37633,7060,2445,103351,74036,86995,381982
US48,"4/27/2019 12 p.m. EDT",54937,21489,36812,7209,2434,105572,75517,87037,389216
US48,"4/27/2019 1 p.m. EDT",54559,22464,36398,7426,2438,109230,73905,87260,391972
US48,"4/27/2019 2 p.m. EDT",54474,23087,35671,7523,2448,114576,73252,87513,396544
US48,"4/27/2019 3 p.m. EDT",53139,22457,35918,7530,2533,120494,72338,87742,400303
US48,"4/27/2019 4 p.m. EDT",50744,22311,37700,7476,2544,126390,72759,87652,406067
US48,"4/27/2019 5 p.m. EDT",48346,21795,39378,7538,2614,132079,74416,87799,413043
US48,"4/27/2019 6 p.m. EDT",46379,19603,41726,8032,2722,135934,76838,88067,419049
US48,"4/27/2019 7 p.m. EDT",44322,16370,43483,8240,2901,140781,78390,88138,422696
US48,"4/27/2019 8 p.m. EDT",45260,12596,45702,8123,3120,140692,79181,88258,422974
US48,"4/27/2019 9 p.m. EDT",44275,8506,47611,7996,3232,139816,77858,88340,417859
US48,"4/27/2019 10 p.m. EDT",44603,2017,49927,7825,3422,137026,78036,88301,411725
US48,"4/27/2019 11 p.m. EDT",45435,1138,48221,7615,3180,128818,74030,88167,396608
US48,"4/28/2019 12 a.m. EDT",44370,421,45163,7537,3031,120785,73486,87885,382935
US48,"4/28/2019 1 a.m. EDT",44465,398,42048,7364,2551,109135,70674,87979,364456
US48,"4/28/2019 2 a.m. EDT",45012,396,38565,7023,2225,100479,66792,88047,347778
US48,"4/28/2019 3 a.m. EDT",45206,373,36063,6861,2096,94790,63312,88092,335213
US48,"4/28/2019 4 a.m. EDT",43669,211,34305,6633,2035,91100,60730,88261,325100
US48,"4/28/2019 5 a.m. EDT",43466,204,33934,6549,2037,89435,58854,88349,320369
US48,"4/28/2019 6 a.m. EDT",41468,213,33869,6471,2041,91841,58764,88250,320398
US48,"4/28/2019 7 a.m. EDT",38072,284,35026,6555,2073,94056,60564,88372,322528
US48,"4/28/2019 8 a.m. EDT",33631,964,36314,6754,2313,99679,67081,88390,332700
US48,"4/28/2019 9 a.m. EDT",32682,2524,38884,7237,2321,105036,70745,88415,345469
US48,"4/28/2019 10 a.m. EDT",31668,8575,40626,7626,2396,110120,76383,88355,363261
US48,"4/28/2019 11 a.m. EDT",32306,17114,39502,7823,2432,112405,77082,88367,374588
US48,"4/28/2019 12 p.m. EDT",35255,21318,38840,7989,2371,116496,74852,88339,383249
US48,"4/28/2019 1 p.m. EDT",38806,23150,38549,7862,2189,120699,74457,88242,391657
US48,"4/28/2019 2 p.m. EDT",41312,23210,38623,8001,2162,124038,74033,88212,397277
US48,"4/28/2019 3 p.m. EDT",44097,23272,39251,8087,2296,126908,75772,88151,405954
US48,"4/28/2019 4 p.m. EDT",48092,22769,39681,8219,2313,129790,77348,88120,413822
US48,"4/28/2019 5 p.m. EDT",51688,20767,41819,8338,2390,132342,80285,88121,423017
US48,"4/28/2019 6 p.m. EDT",54934,17565,44238,8546,2526,135274,82355,88081,431109
US48,"4/28/2019 7 p.m. EDT",56036,13389,46689,8500,2581,139008,83504,88169,435369
US48,"4/28/2019 8 p.m. EDT",56490,9463,49789,8521,2579,139595,83117,88178,435587
US48,"4/28/2019 9 p.m. EDT",56069,5200,51395,8379,2646,141540,84024,88192,435293
US48,"4/28/2019 10 p.m. EDT",55363,1703,50713,8248,2739,138937,84990,88108,428534
US48,"4/28/2019 11 p.m. EDT",55167,761,48335,8209,2485,130388,82605,88176,413529
US48,"4/29/2019 12 a.m. EDT",55980,409,44100,8064,2209,116618,75490,87973,389491
US48,"4/29/2019 1 a.m. EDT",52191,466,40579,7789,2022,108210,71513,88524,369834
US48,"4/29/2019 2 a.m. EDT",51616,414,37170,7346,1945,101081,66475,88606,352619
US48,"4/29/2019 3 a.m. EDT",50065,275,34572,7357,1983,97752,64732,88087,342349
US48,"4/29/2019 4 a.m. EDT",48326,216,33150,7267,1984,95089,63232,88197,335010
US48,"4/29/2019 5 a.m. EDT",47025,195,33058,7315,2033,97196,65277,88423,337751
US48,"4/29/2019 6 a.m. EDT",45747,158,34227,7545,2150,104883,70141,88642,350734
US48,"4/29/2019 7 a.m. EDT",45731,286,39293,7806,2350,116832,74979,88780,373393
US48,"4/29/2019 8 a.m. EDT",44543,1167,42537,8260,2591,127244,81177,88861,394618
US48,"4/29/2019 9 a.m. EDT",44938,3132,44675,8373,2669,130925,85018,88917,407683
US48,"4/29/2019 10 a.m. EDT",45344,7663,45164,7775,3304,134891,87276,88974,419369
US48,"4/29/2019 11 a.m. EDT",45573,12739,45042,7866,3457,136881,87895,88960,427565
US48,"4/29/2019 12 p.m. EDT",44561,16290,43323,8101,3697,140757,89885,88933,434583
US48,"4/29/2019 1 p.m. EDT",42669,18310,41712,8186,3909,145607,91122,88872,439743
US48,"4/29/2019 2 p.m. EDT",39894,18843,41676,8581,4093,151458,93509,88868,446252
US48,"4/29/2019 3 p.m. EDT",37455,19335,41835,8627,3989,159037,94042,88879,452571
US48,"4/29/2019 4 p.m. EDT",38097,17763,43021,9229,3410,163774,94026,88829,457539
US48,"4/29/2019 5 p.m. EDT",38557,15556,46191,9294,3529,168524,95424,88671,464970
US48,"4/29/2019 6 p.m. EDT",37036,13151,46671,9323,3649,172003,96407,88409,466112
US48,"4/29/2019 7 p.m. EDT",36287,10791,49562,9105,3622,174238,95294,88380,466995
US48,"4/29/2019 8 p.m. EDT",32881,8374,51795,9052,3628,173092,95022,88338,462002
US48,"4/29/2019 9 p.m. EDT",31623,5591,53171,9007,3539,173469,94778,88382,459547
US48,"4/29/2019 10 p.m. EDT",29566,1419,52400,8685,3604,170064,95191,88311,449334
US48,"4/29/2019 11 p.m. EDT",28325,254,48383,8476,3571,158694,93582,88308,430026
US48,"4/30/2019 12 a.m. EDT",30256,236,45379,7977,3173,141858,85544,88377,403008
US48,"4/30/2019 1 a.m. EDT",25606,155,41156,7790,2625,131759,84122,88428,381908
US48,"4/30/2019 2 a.m. EDT",25762,49,37022,7602,2491,122594,79287,88427,363896
US48,"4/30/2019 3 a.m. EDT",26288,57,35033,7436,2480,115947,74187,88473,350511
US48,"4/30/2019 4 a.m. EDT",25944,62,32440,7480,2483,111444,71843,88506,340661
US48,"4/30/2019 5 a.m. EDT",26281,69,32472,7460,2544,113614,72991,88509,344245
US48,"4/30/2019 6 a.m. EDT",26340,59,33253,7797,2618,119256,76710,88593,354894
US48,"4/30/2019 7 a.m. EDT",27233,151,35146,8264,2954,131648,81740,88686,376188
US48,"4/30/2019 8 a.m. EDT",27078,1002,38678,8586,3397,142090,87416,88798,397375
US48,"4/30/2019 9 a.m. EDT",26931,2874,41784,8733,3747,150084,90047,88763,413420
US48,"4/30/2019 10 a.m. EDT",26495,8291,44458,9038,3969,153362,92755,88738,427321
US48,"4/30/2019 11 a.m. EDT",27879,16120,43429,9266,4167,155442,93715,88812,439306
US48,"4/30/2019 12 p.m. EDT",28339,20045,42131,9491,4208,158674,94710,88757,447012
US48,"4/30/2019 1 p.m. EDT",30000,22275,42153,9440,4221,162968,94958,88665,455292
US48,"4/30/2019 2 p.m. EDT",32394,22953,42866,9450,4123,165830,95027,88497,461648
US48,"4/30/2019 3 p.m. EDT",34569,22478,45393,9432,4132,168518,95918,88333,469284
US48,"4/30/2019 4 p.m. EDT",34247,22238,46784,9491,4280,172451,97650,88280,475926
US48,"4/30/2019 5 p.m. EDT",32940,21255,49138,9480,4292,175100,98119,88294,478922
US48,"4/30/2019 6 p.m. EDT",33731,18737,49810,9295,4330,176639,98909,88282,480149
US48,"4/30/2019 7 p.m. EDT",33520,16117,49791,9410,4370,177313,97917,88325,477540
US48,"4/30/2019 8 p.m. EDT",34188,12836,50714,9422,4229,175910,96917,88345,473131
US48,"4/30/2019 9 p.m. EDT",34859,7897,49741,9363,3952,176938,97497,88396,469444
US48,"4/30/2019 10 p.m. EDT",34321,1890,50005,9150,3992,171857,97977,88442,458619
US48,"4/30/2019 11 p.m. EDT",33770,996,47316,8605,3803,161372,95483,88364,440316
US48,"5/1/2019 12 a.m. EDT",31291,325,44683,7884,3400,142756,89374,88228,409432
